time,Model1,Device1,RT1,Model2,Device2,RT2,Model3,Device3,RT3,Tris
2023-07-09 14:28:01:319,model_metadata,CPU,35.07,inception_v1_224_quant,CPU,78.38,mobilenetClassv1,CPU,57.88,88.0818
2023-07-09 14:28:41:321,model_metadata,CPU,36.52,inception_v1_224_quant,CPU,87.28,mobilenetClassv1,GPU,52.91,88.0818
2023-07-09 14:29:21:378,model_metadata,CPU,49.43,inception_v1_224_quant,CPU,122.59,mobilenetClassv1,NNAPI,28.79,88.0818
2023-07-09 14:30:01:439,model_metadata,CPU,40.9,inception_v1_224_quant,GPU,88.59,mobilenetClassv1,CPU,57.36,88.0818
2023-07-09 14:30:41:483,model_metadata,CPU,44.56,inception_v1_224_quant,GPU,86.3,mobilenetClassv1,GPU,57.72,88.0818
2023-07-09 14:31:21:501,model_metadata,CPU,51.77,inception_v1_224_quant,GPU,96.96,mobilenetClassv1,NNAPI,39.13,88.0818
2023-07-09 14:32:01:553,model_metadata,CPU,45.5,inception_v1_224_quant,NNAPI,25.17,mobilenetClassv1,CPU,64.34,88.0818
2023-07-09 14:32:41:585,model_metadata,CPU,50.85,inception_v1_224_quant,NNAPI,25.53,mobilenetClassv1,GPU,65.56,88.0818
2023-07-09 14:33:21:619,model_metadata,CPU,55.26,inception_v1_224_quant,NNAPI,38.99,mobilenetClassv1,NNAPI,40.94,88.0818
2023-07-09 14:34:01:750,model_metadata,GPU,72.91,inception_v1_224_quant,CPU,130.4,mobilenetClassv1,CPU,96.59,88.0818
2023-07-09 14:34:41:833,model_metadata,GPU,76.49,inception_v1_224_quant,CPU,123.06,mobilenetClassv1,GPU,81.0,88.0818
2023-07-09 14:35:21:875,model_metadata,GPU,58.32,inception_v1_224_quant,CPU,112.29,mobilenetClassv1,NNAPI,41.89,88.0818
2023-07-09 14:36:01:915,model_metadata,GPU,82.75,inception_v1_224_quant,GPU,128.2,mobilenetClassv1,CPU,88.28,88.0818
2023-07-09 14:36:41:977,model_metadata,GPU,75.97,inception_v1_224_quant,GPU,138.52,mobilenetClassv1,GPU,98.51,88.0818
2023-07-09 14:37:22:037,model_metadata,GPU,59.73,inception_v1_224_quant,GPU,99.8,mobilenetClassv1,NNAPI,51.34,88.0818
2023-07-09 14:38:02:105,model_metadata,GPU,56.08,inception_v1_224_quant,NNAPI,39.25,mobilenetClassv1,CPU,75.52,88.0818
2023-07-09 14:38:42:229,model_metadata,GPU,65.44,inception_v1_224_quant,NNAPI,32.89,mobilenetClassv1,GPU,89.78,88.0818
2023-07-09 14:39:22:343,model_metadata,GPU,61.23,inception_v1_224_quant,NNAPI,37.61,mobilenetClassv1,NNAPI,47.85,88.0818
2023-07-09 14:40:02:440,model_metadata,NNAPI,109.74,inception_v1_224_quant,CPU,113.37,mobilenetClassv1,CPU,84.51,88.0818
2023-07-09 14:40:42:531,model_metadata,NNAPI,112.34,inception_v1_224_quant,CPU,119.09,mobilenetClassv1,GPU,97.9,88.0818
2023-07-09 14:41:22:561,model_metadata,NNAPI,92.2,inception_v1_224_quant,CPU,131.68,mobilenetClassv1,NNAPI,34.9,88.0818
2023-07-09 14:42:02:657,model_metadata,NNAPI,123.7,inception_v1_224_quant,GPU,155.23,mobilenetClassv1,CPU,103.5,88.0818
2023-07-09 14:42:42:823,model_metadata,NNAPI,109.51,inception_v1_224_quant,GPU,129.24,mobilenetClassv1,GPU,92.37,88.0818
2023-07-09 14:43:22:822,model_metadata,NNAPI,85.48,inception_v1_224_quant,GPU,118.45,mobilenetClassv1,NNAPI,46.33,88.0818
2023-07-09 14:44:02:823,model_metadata,NNAPI,82.76,inception_v1_224_quant,NNAPI,36.17,mobilenetClassv1,CPU,86.81,88.0818
2023-07-09 14:44:42:825,model_metadata,NNAPI,95.13,inception_v1_224_quant,NNAPI,34.84,mobilenetClassv1,GPU,99.53,88.0818
2023-07-09 14:45:22:829,model_metadata,NNAPI,90.62,inception_v1_224_quant,NNAPI,40.99,mobilenetClassv1,NNAPI,47.99,88.0818
2023-07-09 14:46:42:996,model_metadata,CPU,66.68,inception_v1_224_quant,CPU,110.14,mobilenetClassv1,CPU,88.48,26.424541050016856
2023-07-09 14:47:23:081,model_metadata,CPU,62.36,inception_v1_224_quant,CPU,129.05,mobilenetClassv1,GPU,80.07,26.424541050016856
2023-07-09 14:48:03:131,model_metadata,CPU,54.13,inception_v1_224_quant,CPU,108.07,mobilenetClassv1,NNAPI,45.81,26.424541050016856
2023-07-09 14:48:43:241,model_metadata,CPU,78.27,inception_v1_224_quant,GPU,126.18,mobilenetClassv1,CPU,93.08,26.424541050016856
2023-07-09 14:49:23:339,model_metadata,CPU,70.18,inception_v1_224_quant,GPU,125.67,mobilenetClassv1,GPU,94.85,26.424541050016856
2023-07-09 14:50:03:353,model_metadata,CPU,58.11,inception_v1_224_quant,GPU,100.03,mobilenetClassv1,NNAPI,46.56,26.424541050016856
2023-07-09 14:50:43:376,model_metadata,CPU,52.23,inception_v1_224_quant,NNAPI,37.7,mobilenetClassv1,CPU,72.3,26.424541050016856
2023-07-09 14:51:23:423,model_metadata,CPU,57.69,inception_v1_224_quant,NNAPI,33.12,mobilenetClassv1,GPU,75.07,26.424541050016856
2023-07-09 14:52:03:447,model_metadata,CPU,57.19,inception_v1_224_quant,NNAPI,35.27,mobilenetClassv1,NNAPI,40.75,26.424541050016856
2023-07-09 14:52:43:672,model_metadata,GPU,72.64,inception_v1_224_quant,CPU,138.45,mobilenetClassv1,CPU,90.65,26.424541050016856
2023-07-09 14:53:23:779,model_metadata,GPU,74.45,inception_v1_224_quant,CPU,138.09,mobilenetClassv1,GPU,89.85,26.424541050016856
2023-07-09 14:54:03:813,model_metadata,GPU,44.1,inception_v1_224_quant,CPU,93.99,mobilenetClassv1,NNAPI,31.52,26.424541050016856
2023-07-09 14:54:43:894,model_metadata,GPU,72.08,inception_v1_224_quant,GPU,130.65,mobilenetClassv1,CPU,83.81,26.424541050016856
2023-07-09 14:55:23:966,model_metadata,GPU,70.61,inception_v1_224_quant,GPU,115.37,mobilenetClassv1,GPU,85.57,26.424541050016856
2023-07-09 14:56:04:040,model_metadata,GPU,59.41,inception_v1_224_quant,GPU,113.51,mobilenetClassv1,NNAPI,40.19,26.424541050016856
2023-07-09 14:56:44:071,model_metadata,GPU,61.31,inception_v1_224_quant,NNAPI,41.81,mobilenetClassv1,CPU,94.44,26.424541050016856
2023-07-09 14:57:24:628,model_metadata,GPU,71.51,inception_v1_224_quant,NNAPI,41.88,mobilenetClassv1,GPU,94.89,26.424541050016856
2023-07-09 14:58:04:788,model_metadata,GPU,126.82,inception_v1_224_quant,NNAPI,115.32,mobilenetClassv1,NNAPI,120.81,26.424541050016856
2023-07-09 14:58:44:761,model_metadata,NNAPI,0.0,inception_v1_224_quant,CPU,0.0,mobilenetClassv1,CPU,0.0,26.424541050016856
2023-07-09 14:59:24:798,model_metadata,NNAPI,96.22,inception_v1_224_quant,CPU,155.73,mobilenetClassv1,GPU,90.71,26.424541050016856
2023-07-09 15:00:04:838,model_metadata,NNAPI,72.46,inception_v1_224_quant,CPU,114.78,mobilenetClassv1,NNAPI,45.89,26.424541050016856
2023-07-09 15:00:44:885,model_metadata,NNAPI,92.7,inception_v1_224_quant,GPU,146.45,mobilenetClassv1,CPU,96.01,26.424541050016856
2023-07-09 15:01:24:913,model_metadata,NNAPI,106.63,inception_v1_224_quant,GPU,147.35,mobilenetClassv1,GPU,115.26,26.424541050016856
2023-07-09 15:02:04:982,model_metadata,NNAPI,81.57,inception_v1_224_quant,GPU,156.04,mobilenetClassv1,NNAPI,37.48,26.424541050016856
2023-07-09 15:02:45:284,model_metadata,NNAPI,230.99,inception_v1_224_quant,NNAPI,112.5,mobilenetClassv1,CPU,251.11,26.424541050016856
2023-07-09 15:03:25:651,model_metadata,NNAPI,320.04,inception_v1_224_quant,NNAPI,186.88,mobilenetClassv1,GPU,458.38,26.424541050016856
2023-07-09 15:04:05:846,model_metadata,NNAPI,243.21,inception_v1_224_quant,NNAPI,117.74,mobilenetClassv1,NNAPI,128.37,26.424541050016856
