time,Model1,Device1,RT1,Model2,Device2,RT2,Model3,Device3,RT3,Tris,avgQ
2023-07-11 19:21:21:748,MN v1 1.0 Q 224,CPU,56.6,mobilenetClassv1,CPU,77.43,inception_v1_224_quant,CPU,107.43,434.9334,1.0
2023-07-11 19:22:01:765,MN v1 1.0 Q 224,CPU,57.77,mobilenetClassv1,CPU,71.83,inception_v1_224_quant,GPU,117.4,434.9334,1.0
2023-07-11 19:22:41:808,MN v1 1.0 Q 224,CPU,70.62,mobilenetClassv1,CPU,74.66,inception_v1_224_quant,NNAPI,18.94,434.9334,1.0
2023-07-11 19:23:21:812,MN v1 1.0 Q 224,CPU,44.7,mobilenetClassv1,GPU,48.21,inception_v1_224_quant,CPU,83.0,434.9334,1.0
2023-07-11 19:24:01:825,MN v1 1.0 Q 224,CPU,60.34,mobilenetClassv1,GPU,84.82,inception_v1_224_quant,GPU,138.99,434.9334,1.0
2023-07-11 19:24:41:840,MN v1 1.0 Q 224,CPU,50.4,mobilenetClassv1,GPU,63.14,inception_v1_224_quant,NNAPI,21.16,434.9334,1.0
2023-07-11 19:25:21:894,MN v1 1.0 Q 224,CPU,47.31,mobilenetClassv1,NNAPI,32.15,inception_v1_224_quant,CPU,96.31,434.9334,1.0
2023-07-11 19:26:01:924,MN v1 1.0 Q 224,CPU,55.67,mobilenetClassv1,NNAPI,34.02,inception_v1_224_quant,GPU,98.69,434.9334,1.0
2023-07-11 19:26:41:925,MN v1 1.0 Q 224,CPU,48.79,mobilenetClassv1,NNAPI,22.08,inception_v1_224_quant,NNAPI,17.65,434.9334,1.0
2023-07-11 19:27:21:940,MN v1 1.0 Q 224,GPU,91.25,mobilenetClassv1,CPU,66.82,inception_v1_224_quant,CPU,95.28,434.9334,1.0
2023-07-11 19:28:01:952,MN v1 1.0 Q 224,GPU,78.41,mobilenetClassv1,CPU,52.82,inception_v1_224_quant,GPU,90.18,434.9334,1.0
2023-07-11 19:28:41:971,MN v1 1.0 Q 224,GPU,64.97,mobilenetClassv1,CPU,51.5,inception_v1_224_quant,NNAPI,13.18,434.9334,1.0
2023-07-11 19:29:21:971,MN v1 1.0 Q 224,GPU,86.68,mobilenetClassv1,GPU,66.14,inception_v1_224_quant,CPU,81.97,434.9334,1.0
2023-07-11 19:30:01:972,MN v1 1.0 Q 224,GPU,85.43,mobilenetClassv1,GPU,70.81,inception_v1_224_quant,GPU,92.99,434.9334,1.0
2023-07-11 19:30:41:970,MN v1 1.0 Q 224,GPU,66.08,mobilenetClassv1,GPU,56.24,inception_v1_224_quant,NNAPI,16.56,434.9334,1.0
2023-07-11 19:31:22:028,MN v1 1.0 Q 224,GPU,72.35,mobilenetClassv1,NNAPI,25.17,inception_v1_224_quant,CPU,88.02,434.9334,1.0
2023-07-11 19:32:02:028,MN v1 1.0 Q 224,GPU,67.72,mobilenetClassv1,NNAPI,23.38,inception_v1_224_quant,GPU,81.89,434.9334,1.0
2023-07-11 19:32:42:034,MN v1 1.0 Q 224,GPU,60.21,mobilenetClassv1,NNAPI,22.53,inception_v1_224_quant,NNAPI,18.56,434.9334,1.0
2023-07-11 19:33:22:050,MN v1 1.0 Q 224,NNAPI,22.52,mobilenetClassv1,CPU,70.93,inception_v1_224_quant,CPU,115.17,434.9334,1.0
2023-07-11 19:34:02:072,MN v1 1.0 Q 224,NNAPI,22.17,mobilenetClassv1,CPU,77.03,inception_v1_224_quant,GPU,98.42,434.9334,1.0
2023-07-11 19:34:42:079,MN v1 1.0 Q 224,NNAPI,21.82,mobilenetClassv1,CPU,81.09,inception_v1_224_quant,NNAPI,24.18,434.9334,1.0
2023-07-11 19:35:22:112,MN v1 1.0 Q 224,NNAPI,28.72,mobilenetClassv1,GPU,85.78,inception_v1_224_quant,CPU,114.67,434.9334,1.0
2023-07-11 19:36:02:112,MN v1 1.0 Q 224,NNAPI,29.27,mobilenetClassv1,GPU,84.3,inception_v1_224_quant,GPU,125.28,434.9334,1.0
2023-07-11 19:36:42:201,MN v1 1.0 Q 224,NNAPI,27.15,mobilenetClassv1,GPU,87.96,inception_v1_224_quant,NNAPI,21.22,434.9334,1.0
2023-07-11 19:37:22:219,MN v1 1.0 Q 224,NNAPI,28.86,mobilenetClassv1,NNAPI,40.92,inception_v1_224_quant,CPU,146.74,434.9334,1.0
2023-07-11 19:38:02:227,MN v1 1.0 Q 224,NNAPI,27.41,mobilenetClassv1,NNAPI,39.98,inception_v1_224_quant,GPU,148.62,434.9334,1.0
2023-07-11 19:38:42:228,MN v1 1.0 Q 224,NNAPI,50.34,mobilenetClassv1,NNAPI,121.76,inception_v1_224_quant,NNAPI,114.22,434.9334,1.0
2023-07-11 19:40:02:332,MN v1 1.0 Q 224,CPU,96.86,mobilenetClassv1,CPU,134.58,inception_v1_224_quant,CPU,188.35,217.46669999999992,0.8171322345733643
2023-07-11 19:40:42:436,MN v1 1.0 Q 224,CPU,78.97,mobilenetClassv1,CPU,117.6,inception_v1_224_quant,GPU,163.3,217.46669999999992,0.8171322345733643
2023-07-11 19:41:22:446,MN v1 1.0 Q 224,CPU,54.02,mobilenetClassv1,CPU,75.94,inception_v1_224_quant,NNAPI,26.52,217.46669999999992,0.8171322345733643
2023-07-11 19:42:02:486,MN v1 1.0 Q 224,CPU,70.6,mobilenetClassv1,GPU,95.75,inception_v1_224_quant,CPU,143.83,217.46669999999992,0.8171322345733643
2023-07-11 19:42:42:567,MN v1 1.0 Q 224,CPU,65.84,mobilenetClassv1,GPU,114.93,inception_v1_224_quant,GPU,144.22,217.46669999999992,0.8171322345733643
2023-07-11 19:43:22:586,MN v1 1.0 Q 224,CPU,54.62,mobilenetClassv1,GPU,67.42,inception_v1_224_quant,NNAPI,22.81,217.46669999999992,0.8171322345733643
2023-07-11 19:44:02:610,MN v1 1.0 Q 224,CPU,69.24,mobilenetClassv1,NNAPI,38.23,inception_v1_224_quant,CPU,120.51,217.46669999999992,0.8171322345733643
2023-07-11 19:44:42:650,MN v1 1.0 Q 224,CPU,79.46,mobilenetClassv1,NNAPI,32.35,inception_v1_224_quant,GPU,143.02,217.46669999999992,0.8171322345733643
2023-07-11 19:45:22:740,MN v1 1.0 Q 224,CPU,73.31,mobilenetClassv1,NNAPI,41.26,inception_v1_224_quant,NNAPI,33.59,217.46669999999992,0.8171322345733643
2023-07-11 19:46:02:784,MN v1 1.0 Q 224,GPU,68.06,mobilenetClassv1,CPU,84.44,inception_v1_224_quant,CPU,129.48,217.46669999999992,0.8171322345733643
2023-07-11 19:46:42:784,MN v1 1.0 Q 224,GPU,69.6,mobilenetClassv1,CPU,79.47,inception_v1_224_quant,GPU,108.42,217.46669999999992,0.8171322345733643
2023-07-11 19:47:22:811,MN v1 1.0 Q 224,GPU,61.05,mobilenetClassv1,CPU,62.29,inception_v1_224_quant,NNAPI,21.95,217.46669999999992,0.8171322345733643
2023-07-11 19:48:02:879,MN v1 1.0 Q 224,GPU,73.59,mobilenetClassv1,GPU,74.74,inception_v1_224_quant,CPU,121.61,217.46669999999992,0.8171322345733643
2023-07-11 19:48:42:880,MN v1 1.0 Q 224,GPU,68.03,mobilenetClassv1,GPU,82.72,inception_v1_224_quant,GPU,118.93,217.46669999999992,0.8171322345733643
2023-07-11 19:49:22:877,MN v1 1.0 Q 224,GPU,53.45,mobilenetClassv1,GPU,61.66,inception_v1_224_quant,NNAPI,19.23,217.46669999999992,0.8171322345733643
2023-07-11 19:50:02:883,MN v1 1.0 Q 224,GPU,58.65,mobilenetClassv1,NNAPI,30.79,inception_v1_224_quant,CPU,112.09,217.46669999999992,0.8171322345733643
2023-07-11 19:50:42:884,MN v1 1.0 Q 224,GPU,59.94,mobilenetClassv1,NNAPI,33.84,inception_v1_224_quant,GPU,125.1,217.46669999999992,0.8171322345733643
2023-07-11 19:51:22:890,MN v1 1.0 Q 224,GPU,56.97,mobilenetClassv1,NNAPI,34.63,inception_v1_224_quant,NNAPI,27.66,217.46669999999992,0.8171322345733643
2023-07-11 19:52:02:958,MN v1 1.0 Q 224,NNAPI,29.89,mobilenetClassv1,CPU,108.87,inception_v1_224_quant,CPU,152.93,217.46669999999992,0.8171322345733643
2023-07-11 19:52:42:989,MN v1 1.0 Q 224,NNAPI,30.01,mobilenetClassv1,CPU,102.64,inception_v1_224_quant,GPU,162.54,217.46669999999992,0.8171322345733643
2023-07-11 19:53:22:989,MN v1 1.0 Q 224,NNAPI,28.03,mobilenetClassv1,CPU,94.77,inception_v1_224_quant,NNAPI,29.52,217.46669999999992,0.8171322345733643
2023-07-11 19:54:03:023,MN v1 1.0 Q 224,NNAPI,29.39,mobilenetClassv1,GPU,95.58,inception_v1_224_quant,CPU,154.18,217.46669999999992,0.8171322345733643
2023-07-11 19:54:43:088,MN v1 1.0 Q 224,NNAPI,30.62,mobilenetClassv1,GPU,98.59,inception_v1_224_quant,GPU,163.75,217.46669999999992,0.8171322345733643
2023-07-11 19:55:23:115,MN v1 1.0 Q 224,NNAPI,28.48,mobilenetClassv1,GPU,102.16,inception_v1_224_quant,NNAPI,30.08,217.46669999999992,0.8171322345733643
2023-07-11 19:56:03:131,MN v1 1.0 Q 224,NNAPI,28.72,mobilenetClassv1,NNAPI,41.54,inception_v1_224_quant,CPU,145.71,217.46669999999992,0.8171322345733643
2023-07-11 19:56:43:231,MN v1 1.0 Q 224,NNAPI,28.93,mobilenetClassv1,NNAPI,41.22,inception_v1_224_quant,GPU,159.7,217.46669999999992,0.8171322345733643
2023-07-11 19:57:23:280,MN v1 1.0 Q 224,NNAPI,25.21,mobilenetClassv1,NNAPI,42.91,inception_v1_224_quant,NNAPI,38.07,217.46669999999992,0.8171322345733643
2023-07-11 19:58:43:408,MN v1 1.0 Q 224,CPU,73.83,mobilenetClassv1,CPU,102.15,inception_v1_224_quant,CPU,160.47,43.49334064810124,0.5795965790748596
2023-07-11 19:59:23:493,MN v1 1.0 Q 224,CPU,77.98,mobilenetClassv1,CPU,104.55,inception_v1_224_quant,GPU,171.98,43.49334064810124,0.5795965790748596
2023-07-11 20:00:03:520,MN v1 1.0 Q 224,CPU,65.65,mobilenetClassv1,CPU,74.97,inception_v1_224_quant,NNAPI,27.98,43.49334064810124,0.5795965790748596
2023-07-11 20:00:43:571,MN v1 1.0 Q 224,CPU,78.24,mobilenetClassv1,GPU,92.1,inception_v1_224_quant,CPU,151.38,43.49334064810124,0.5795965790748596
2023-07-11 20:01:23:587,MN v1 1.0 Q 224,CPU,82.1,mobilenetClassv1,GPU,97.92,inception_v1_224_quant,GPU,156.32,43.49334064810124,0.5795965790748596
2023-07-11 20:02:03:633,MN v1 1.0 Q 224,CPU,60.07,mobilenetClassv1,GPU,71.11,inception_v1_224_quant,NNAPI,21.67,43.49334064810124,0.5795965790748596
2023-07-11 20:02:43:638,MN v1 1.0 Q 224,CPU,61.36,mobilenetClassv1,NNAPI,30.89,inception_v1_224_quant,CPU,131.85,43.49334064810124,0.5795965790748596
2023-07-11 20:03:23:645,MN v1 1.0 Q 224,CPU,63.0,mobilenetClassv1,NNAPI,34.17,inception_v1_224_quant,GPU,110.15,43.49334064810124,0.5792616605758667
2023-07-11 20:04:03:661,MN v1 1.0 Q 224,CPU,54.68,mobilenetClassv1,NNAPI,26.37,inception_v1_224_quant,NNAPI,20.13,43.49334064810124,0.5792616605758667
2023-07-11 20:04:43:717,MN v1 1.0 Q 224,GPU,47.71,mobilenetClassv1,CPU,85.55,inception_v1_224_quant,CPU,141.07,43.49334064810124,0.5792616605758667
2023-07-11 20:05:23:775,MN v1 1.0 Q 224,GPU,46.14,mobilenetClassv1,CPU,79.94,inception_v1_224_quant,GPU,147.25,43.49334064810124,0.5792616605758667
2023-07-11 20:06:03:806,MN v1 1.0 Q 224,GPU,35.0,mobilenetClassv1,CPU,62.55,inception_v1_224_quant,NNAPI,20.57,43.49334064810124,0.5792616605758667
2023-07-11 20:06:43:852,MN v1 1.0 Q 224,GPU,43.01,mobilenetClassv1,GPU,91.99,inception_v1_224_quant,CPU,149.45,43.49334064810124,0.5792616605758667
2023-07-11 20:07:23:912,MN v1 1.0 Q 224,GPU,45.39,mobilenetClassv1,GPU,89.74,inception_v1_224_quant,GPU,141.8,43.49334064810124,0.5792616605758667
2023-07-11 20:08:03:915,MN v1 1.0 Q 224,GPU,32.46,mobilenetClassv1,GPU,60.6,inception_v1_224_quant,NNAPI,18.11,43.49334064810124,0.5792616605758667
2023-07-11 20:08:43:923,MN v1 1.0 Q 224,GPU,37.56,mobilenetClassv1,NNAPI,27.14,inception_v1_224_quant,CPU,90.97,43.49334064810124,0.5792616605758667
2023-07-11 20:09:23:940,MN v1 1.0 Q 224,GPU,36.41,mobilenetClassv1,NNAPI,26.35,inception_v1_224_quant,GPU,99.31,43.49334064810124,0.5792616605758667
2023-07-11 20:10:03:967,MN v1 1.0 Q 224,GPU,33.62,mobilenetClassv1,NNAPI,29.43,inception_v1_224_quant,NNAPI,24.37,43.49334064810124,0.5792616605758667
2023-07-11 20:10:43:987,MN v1 1.0 Q 224,NNAPI,22.55,mobilenetClassv1,CPU,68.62,inception_v1_224_quant,CPU,107.32,43.49334064810124,0.5792616605758667
2023-07-11 20:11:23:994,MN v1 1.0 Q 224,NNAPI,22.21,mobilenetClassv1,CPU,75.26,inception_v1_224_quant,GPU,112.05,43.49334064810124,0.5792616605758667
2023-07-11 20:12:04:016,MN v1 1.0 Q 224,NNAPI,21.47,mobilenetClassv1,CPU,66.77,inception_v1_224_quant,NNAPI,19.35,43.49334064810124,0.5792616605758667
2023-07-11 20:12:44:056,MN v1 1.0 Q 224,NNAPI,22.29,mobilenetClassv1,GPU,76.06,inception_v1_224_quant,CPU,104.48,43.49334064810124,0.5792616605758667
2023-07-11 20:13:24:055,MN v1 1.0 Q 224,NNAPI,21.9,mobilenetClassv1,GPU,71.73,inception_v1_224_quant,GPU,110.86,43.49334064810124,0.5792616605758667
2023-07-11 20:14:04:068,MN v1 1.0 Q 224,NNAPI,20.15,mobilenetClassv1,GPU,60.19,inception_v1_224_quant,NNAPI,18.01,43.49334064810124,0.5792616605758667
2023-07-11 20:14:44:073,MN v1 1.0 Q 224,NNAPI,21.92,mobilenetClassv1,NNAPI,33.35,inception_v1_224_quant,CPU,111.74,43.49334064810124,0.5792616605758667
2023-07-11 20:15:24:135,MN v1 1.0 Q 224,NNAPI,20.92,mobilenetClassv1,NNAPI,32.42,inception_v1_224_quant,GPU,112.1,43.49334064810124,0.5792616605758667
2023-07-11 20:16:04:178,MN v1 1.0 Q 224,NNAPI,19.68,mobilenetClassv1,NNAPI,32.16,inception_v1_224_quant,NNAPI,27.55,43.49334064810124,0.5792616605758667
